job_id,date,company,position,salary,tags,url
1130777,2026-03-14T08:00:09+00:00,Tribe AI,Forward Deployed AI Architect,0 - 0,"architect, design, consulting, technical, software, growth, lead, engineering, digital nomad",https://remoteOK.com/remote-jobs/remote-forward-deployed-ai-architect-tribe-ai-1130777
1130776,2026-03-14T08:00:03+00:00,Kastle,AI Trainer,30 - 30,"trainer, system, testing, voice, financial, operations, part-time",https://remoteOK.com/remote-jobs/remote-ai-trainer-kastle-1130776
1130774,2026-03-14T00:01:23+00:00,HireHawk,Senior Ecommerce Creative Strategist Philippines,0 - 0,"strategist, support, testing, growth, video, lead, content, senior, marketing, analytics, ecommerce",https://remoteOK.com/remote-jobs/remote-senior-ecommerce-creative-strategist-philippines-hirehawk-1130774
1130773,2026-03-14T00:01:17+00:00,Whatnot,Head of European and UK Policy,110000 - 160000,"leader, senior, operational, ecommerce",https://remoteOK.com/remote-jobs/remote-head-of-european-and-uk-policy-whatnot-1130773
1130772,2026-03-14T00:01:11+00:00,The PAC Group,Payroll and Benefits Specialist,0 - 0,"payroll, hr, operations",https://remoteOK.com/remote-jobs/remote-payroll-and-benefits-specialist-the-pac-group-1130772
1130771,2026-03-14T00:01:03+00:00,Whatnot,Partnerships Manager Japan,0 - 0,"manager, strategy, management, marketing, non tech",https://remoteOK.com/remote-jobs/remote-partnerships-manager-japan-whatnot-1130771
1130769,2026-03-14T00:00:50+00:00,Office Hours,Staff Software Engineer,0 - 0,"software, system, consulting, technical, code, investment, mongodb, health, engineer, engineering",https://remoteOK.com/remote-jobs/remote-staff-software-engineer-office-hours-1130769
1130768,2026-03-14T00:00:44+00:00,Whatnot,Associate Creative Director Design,175000 - 225000,"design, director, designer, support, growth, lead, marketing, digital nomad",https://remoteOK.com/remote-jobs/remote-associate-creative-director-design-whatnot-1130768
1130767,2026-03-14T00:00:31+00:00,Accenture Federal Services,Salesforce Agentforce AI Technical Architect Manager,0 - 0,"salesforce, architect, manager, training, technical, management, operational, health",https://remoteOK.com/remote-jobs/remote-salesforce-agentforce-ai-technical-architect-manager-accenture-federal-services-1130767
1130766,2026-03-14T00:00:16+00:00,ASG,Vice President of Sales,150000 - 175000,"saas, salesforce, leader, strategy, lead, operational, sales, health, executive, non tech",https://remoteOK.com/remote-jobs/remote-vice-president-of-sales-asg-1130766
1130765,2026-03-14T00:00:06+00:00,Whatnot,Payroll Analyst,95000 - 105000,"analyst, payroll, hr, system, excel",https://remoteOK.com/remote-jobs/remote-payroll-analyst-whatnot-1130765
1130764,2026-03-13T21:00:04+00:00,Descript,Support Agent,0 - 0,"technical, support, video, chatbot",https://remoteOK.com/remote-jobs/remote-support-agent-descript-1130764
1130763,2026-03-13T19:00:01+00:00,Palantir Technologies,Software Engineer New Grad Production Infrastructure,0 - 0,"software, design, front-end, security, teaching, technical, code, java, cloud, typescript, reliability, go, health, engineer, backend, digital nomad",https://remoteOK.com/remote-jobs/remote-software-engineer-new-grad-production-infrastructure-palantir-technologies-1130763
1130762,2026-03-13T16:00:03+00:00,Ashby,Principal VC & Startup Ecosystem Lead,180000 - 220000,"design, game, founder, manager, education, strategy, lead, marketer, sales, health, executive, digital nomad",https://remoteOK.com/remote-jobs/remote-principal-vc-startup-ecosystem-lead-ashby-1130762
1130761,2026-03-13T14:01:47+00:00,Sanctuary Computer,Senior Firmware Engineer,150000 - 200000,"engineer, senior, backend, Firmware",https://remoteOK.com/remote-jobs/remote-senior-firmware-engineer-sanctuary-computer-1130761
1130760,2026-03-13T12:15:25+00:00,ELECTE S.R.L,Full Stack Developer,30000 - 50000,"engineer, javascript, typescript, python, Full-Stack, ai, postgres",https://remoteOK.com/remote-jobs/remote-full-stack-developer-electe-s-r-l-1130760
1130759,2026-03-13T08:23:00+00:00,ELEMENTAL TERRA,Entry Level Crypto Market Specialist,50000 - 70000,"other, crypto, finance, web3, blockchain, defi, education, bitcoin, ethereum, legal",https://remoteOK.com/remote-jobs/remote-entry-level-crypto-market-specialist-elemental-terra-1130759
1130758,2026-03-13T08:00:37+00:00,Galaxy,Senior Developer Experience Engineer,0 - 0,"developer, web3, crypto, founder, ceo, investment, finance, leader, senior, engineer, engineering, digital nomad",https://remoteOK.com/remote-jobs/remote-senior-developer-experience-engineer-galaxy-1130758
1130757,2026-03-13T08:00:11+00:00,Altium,Cloud Security Architect,0 - 0,"security, architect, design, saas, system, software, cloud, pcb, engineering, digital nomad",https://remoteOK.com/remote-jobs/remote-cloud-security-architect-altium-1130757
1130756,2026-03-13T08:00:09+00:00,10x Team,Go To Market Strategist AI Trainer Freelance 8 20 hrs week,80 - 140,"trainer, strategist, content, marketing, sales, go, non tech",https://remoteOK.com/remote-jobs/remote-go-to-market-strategist-ai-trainer-freelance-8-20-hrs-week-10x-team-1130756
1130755,2026-03-13T08:00:03+00:00,10x Team,Migration Specialist AI Trainer Freelance 8 20 hrs week,114 - 225,"trainer, technical, content, engineering, part-time",https://remoteOK.com/remote-jobs/remote-migration-specialist-ai-trainer-freelance-8-20-hrs-week-10x-team-1130755
1130752,2026-03-13T04:00:02+00:00,RWS TrainAI,AI Specialist Haitian Creole,0 - 0,"training, transcription, test, voice, speech",https://remoteOK.com/remote-jobs/remote-ai-specialist-haitian-creole-rws-trainai-1130752
1130751,2026-03-13T00:00:15+00:00,CI&T,CI&T 27985 Senior AI Engineer Brazil,0 - 0,"react, system, technical, software, web, api, senior, engineer, backend",https://remoteOK.com/remote-jobs/remote-cit-27985-senior-ai-engineer-brazil-cit-1130751
1130750,2026-03-13T00:00:04+00:00,Aera Technology,Client Partner Enterprise Platform Sales,0 - 0,"support, software, travel, manager, c, leader, management, senior, analytics, sales",https://remoteOK.com/remote-jobs/remote-client-partner-enterprise-platform-sales-aera-technology-1130750
1130749,2026-03-12T22:00:08+00:00,Eleventh Hour Games,Lead 3D Environment Artist,0 - 0,"3d, technical, lead, content",https://remoteOK.com/remote-jobs/remote-lead-3d-environment-artist-eleventh-hour-games-1130749
1130748,2026-03-12T21:00:06+00:00,Eleventh Hour Games,Principal 3D Character Artist,0 - 0,"3d, technical, senior",https://remoteOK.com/remote-jobs/remote-principal-3d-character-artist-eleventh-hour-games-1130748
1130747,2026-03-12T20:00:06+00:00,Precision Medicine Group,Senior IT Project Manager,0 - 0,"manager, design, training, education, senior, executive, digital nomad",https://remoteOK.com/remote-jobs/remote-senior-it-project-manager-precision-medicine-group-1130747
1130746,2026-03-12T19:16:32+00:00,LaunchBrightly,Technical Product Manager,40000 - 50000,"technical, dev, engineer, quality assurance",https://remoteOK.com/remote-jobs/remote-technical-product-manager-launchbrightly-1130746
1130745,2026-03-12T17:00:02+00:00,Versapay,Senior Software Engineer Ruby on Rails,0 - 0,"software, saas, technical, developer, code, finance, fintech, ruby, rails, senior, ror, engineer, digital nomad",https://remoteOK.com/remote-jobs/remote-senior-software-engineer-ruby-on-rails-versapay-1130745
1130744,2026-03-12T16:00:26+00:00,BPM LLP,BPM LLP AI ML Engineer,0 - 0,"design, engineer, digital nomad",https://remoteOK.com/remote-jobs/remote-bpm-llp-ai-ml-engineer-bpm-llp-1130744
1130743,2026-03-12T16:00:18+00:00,Global Elite Empire Consultants,Work From Home Client Support Manager,0 - 0,"manager, support, video, lead, non tech",https://remoteOK.com/remote-jobs/remote-work-from-home-client-support-manager-global-elite-empire-consultants-1130743
1130741,2026-03-12T13:00:02+00:00,Cast AI,Senior Software Engineer Karpenter,0 - 0,"golang, software, cloud, senior, engineer",https://remoteOK.com/remote-jobs/remote-senior-software-engineer-karpenter-cast-ai-1130741
1130742,2026-03-12T13:00:02+00:00,Cast AI,Senior Software Engineer Reporting,0 - 0,"golang, software, cloud, senior, engineer",https://remoteOK.com/remote-jobs/remote-senior-software-engineer-reporting-cast-ai-1130742
1130739,2026-03-12T08:00:15+00:00,Marathon Talent,CFO,0 - 0,"cfo, support, software, accounting, financial, finance, api, management, lead, senior, operations, legal",https://remoteOK.com/remote-jobs/remote-cfo-marathon-talent-1130739
1130738,2026-03-12T08:00:09+00:00,Pavago,Senior Backend Engineer,0 - 0,"design, c#, saas, system, founder, technical, recruiter, code, devops, mongodb, api, strategy, lead, senior, analytics, reliability, health, engineer, engineering, linux, backend, digital nomad",https://remoteOK.com/remote-jobs/remote-senior-backend-engineer-pavago-1130738
1130737,2026-03-12T08:00:03+00:00,Substack,UK Support Specialist,0 - 0,"technical, support, content, operations, recruitment",https://remoteOK.com/remote-jobs/remote-uk-support-specialist-substack-1130737
1130736,2026-03-12T00:01:28+00:00,ABBYY,Human Resources Engagement Partner,0 - 0,,https://remoteOK.com/remote-jobs/remote-human-resources-engagement-partner-abbyy-1130736
1130735,2026-03-12T00:01:18+00:00,Zus Health,Senior Software Engineer Data Platform,0 - 0,"software, embedded, system, ceo, technical, director, code, video, cloud, senior, go, medical, health, healthcare, engineer, engineering, apache",https://remoteOK.com/remote-jobs/remote-senior-software-engineer-data-platform-zus-health-1130735
1130734,2026-03-12T00:01:10+00:00,Scale LLP,Corporate Associate ECVC,0 - 0,"support, growth, legal",https://remoteOK.com/remote-jobs/remote-corporate-associate-ecvc-scale-llp-1130734
1130733,2026-03-12T00:00:59+00:00,ZÃ³calo Health,Recruiting Coordinator,25 - 27,"system, coordinator, support, lead, operations, medical, health, healthcare, recruiting",https://remoteOK.com/remote-jobs/remote-recruiting-coordinator-zocalo-health-1130733
1130732,2026-03-12T00:00:49+00:00,Boulevard,Manager Revenue Accounting,0 - 0,"manager, accounting, design, digital nomad",https://remoteOK.com/remote-jobs/remote-manager-revenue-accounting-boulevard-1130732
1130731,2026-03-12T00:00:38+00:00,Marketing Architects,Data Analyst,70000 - 90000,"analyst, support, growth, director, marketing, analytics, go, full-time",https://remoteOK.com/remote-jobs/remote-data-analyst-marketing-architects-1130731
1130730,2026-03-12T00:00:30+00:00,The Motley Fool,Contract Data Architect,0 - 0,"architect, support, financial, investment, strategy, senior, engineering",https://remoteOK.com/remote-jobs/remote-contract-data-architect-the-motley-fool-1130730
1130729,2026-03-12T00:00:19+00:00,Orcrist Technologies,People Operations Specialist,0 - 0,"hr, operations, operational, recruiting, recruitment",https://remoteOK.com/remote-jobs/remote-people-operations-specialist-orcrist-technologies-1130729
1130728,2026-03-12T00:00:08+00:00,Temporal Technologies,Director Planning & Analytics,0 - 0,"director, architect, technical, developer, software, growth, finance, lead, operational, analytics, digital nomad",https://remoteOK.com/remote-jobs/remote-director-planning-analytics-temporal-technologies-1130728
1130727,2026-03-11T21:00:05+00:00,That's No Moon Entertainment,Senior Technical Game Designer,0 - 0,"game, design, designer, technical, animation, content, senior, digital nomad",https://remoteOK.com/remote-jobs/remote-senior-technical-game-designer-thats-no-moon-entertainment-1130727
1130726,2026-03-11T19:00:04+00:00,Shields Health Solutions,Benefit Verification Pharmacy Technician,0 - 0,"operational, medical, educational",https://remoteOK.com/remote-jobs/remote-benefit-verification-pharmacy-technician-shields-health-solutions-1130726
1130725,2026-03-11T16:00:03+00:00,Andromeda Cluster,Infrastructure Manager,0 - 0,"manager, training, technical, cloud, strategy, sales",https://remoteOK.com/remote-jobs/remote-infrastructure-manager-andromeda-cluster-1130725
1130724,2026-03-11T08:00:11+00:00,Restaurant Supply,Assistant Pricing Manager,0 - 0,"manager, assistant, support, microsoft, operations, excel, ecommerce, shopify, non tech",https://remoteOK.com/remote-jobs/remote-assistant-pricing-manager-restaurant-supply-1130724
1130723,2026-03-11T06:00:04+00:00,Remotasks,AI Training for Igbo Writers,0 - 0,"training, technical",https://remoteOK.com/remote-jobs/remote-ai-training-for-igbo-writers-remotasks-1130723
1130722,2026-03-11T00:00:26+00:00,Lookout Inc,Staff Threat Intelligence Researcher,0 - 0,"ios, security, cloud, mobile, android",https://remoteOK.com/remote-jobs/remote-staff-threat-intelligence-researcher-lookout-inc-1130722
1130721,2026-03-11T00:00:08+00:00,ZÃ³calo Health,CHW Manager,0 - 0,"manager, medical, health, healthcare, non tech",https://remoteOK.com/remote-jobs/remote-chw-manager-zocalo-health-1130721
1130720,2026-03-10T22:00:45+00:00,Eleventh Hour Games,Lead Level Designer,0 - 0,"design, designer, lead, engineering, digital nomad",https://remoteOK.com/remote-jobs/remote-lead-level-designer-eleventh-hour-games-1130720
1130719,2026-03-10T22:00:35+00:00,Eleventh Hour Games,Senior Level Designer,0 - 0,"design, game, designer, technical, senior, engineering, digital nomad",https://remoteOK.com/remote-jobs/remote-senior-level-designer-eleventh-hour-games-1130719
1130718,2026-03-10T22:00:25+00:00,Eleventh Hour Games,Narrative and World Lead,0 - 0,"architect, travel, strategy, lead",https://remoteOK.com/remote-jobs/remote-narrative-and-world-lead-eleventh-hour-games-1130718
1130717,2026-03-10T22:00:12+00:00,Blueprint,Procurement Specialist Hardware,0 - 0,"support, strategy, operations",https://remoteOK.com/remote-jobs/remote-procurement-specialist-hardware-blueprint-1130717
1130715,2026-03-10T21:00:17+00:00,Eleventh Hour Games,Lead Animator,0 - 0,"design, game, animator, animation, lead, digital nomad",https://remoteOK.com/remote-jobs/remote-lead-animator-eleventh-hour-games-1130715
1130714,2026-03-10T16:00:07+00:00,Omada Health,Senior Software Engineer,0 - 0,"software, design, technical, leader, senior, medical, health, engineer, digital nomad",https://remoteOK.com/remote-jobs/remote-senior-software-engineer-omada-health-1130714
1130713,2026-03-10T16:00:04+00:00,Trackman A/S,Territory Sales Representative Green Grass Southeast,0 - 0,"teaching, technical, software, growth, travel, education, management, sales",https://remoteOK.com/remote-jobs/remote-territory-sales-representative-green-grass-southeast-trackman-a-s-1130713
1130711,2026-03-10T13:00:04+00:00,Sidecar Health,Customer Service Representative Member Care,0 - 0,"system, medical, health, healthcare",https://remoteOK.com/remote-jobs/remote-customer-service-representative-member-care-sidecar-health-1130711
1130710,2026-03-10T10:00:06+00:00,BetterHelp,Design Intern Summer 2026,0 - 0,"design, designer, growth, web, marketing, go, health, digital nomad",https://remoteOK.com/remote-jobs/remote-design-intern-summer-2026-betterhelp-1130710
1130709,2026-03-10T09:00:06+00:00,Sharebite,Restaurant Account Manager,0 - 0,"manager, support, operations, operational",https://remoteOK.com/remote-jobs/remote-restaurant-account-manager-sharebite-1130709
1130708,2026-03-10T08:00:17+00:00,Rising Edge Group,Journeyperson Electrician,0 - 0,"training, technical, testing, test, code, travel, microsoft, senior, legal, health",https://remoteOK.com/remote-jobs/remote-journeyperson-electrician-rising-edge-group-1130708
1130707,2026-03-10T08:00:11+00:00,SentiLink,Solutions Analytics Data Scientist,0 - 0,"python, technical, support, financial, fintech, analytics, go, health, engineering",https://remoteOK.com/remote-jobs/remote-solutions-analytics-data-scientist-sentilink-1130707
1130705,2026-03-10T06:00:23+00:00,ALX Africa,Director of Community,0 - 0,"director, students, training, support, software",https://remoteOK.com/remote-jobs/remote-director-of-community-alx-africa-1130705
1130703,2026-03-10T00:01:14+00:00,GoGuardian,Data Scientist IV,0 - 0,"system, teaching, students, technical",https://remoteOK.com/remote-jobs/remote-data-scientist-iv-goguardian-1130703
1130702,2026-03-10T00:01:04+00:00,Datadog,Senior Sales Engineer Majors West,0 - 0,"senior, sales, engineer",https://remoteOK.com/remote-jobs/remote-senior-sales-engineer-majors-west-datadog-1130702
1130701,2026-03-10T00:00:56+00:00,OraSure Technologies Inc.,Director Product Management,0 - 0,"director, training, consult, support, growth, travel, voice, financial, c, leader, strategy, management, lead, senior, marketing, sales, health, recruitment, executive, full-time",https://remoteOK.com/remote-jobs/remote-director-product-management-orasure-technologies-inc-1130701
1130700,2026-03-10T00:00:49+00:00,Gravie,Senior Configuration Analyst,0 - 0,"analyst, support, testing, leader, senior, health, healthcare, non tech",https://remoteOK.com/remote-jobs/remote-senior-configuration-analyst-gravie-1130700
1130699,2026-03-10T00:00:42+00:00,Mural Health,Manager Strategic Partnerships,0 - 0,"manager, embedded, growth, director, senior, operational, medical, health",https://remoteOK.com/remote-jobs/remote-manager-strategic-partnerships-mural-health-1130699
1130698,2026-03-10T00:00:27+00:00,IonQ,Staff Automation Engineer Internal Audit,0 - 0,"design, full-stack, architect, testing, operational, engineer, engineering, digital nomad",https://remoteOK.com/remote-jobs/remote-staff-automation-engineer-internal-audit-ionq-1130698
1130697,2026-03-10T00:00:18+00:00,Headspace,Temp Clinical Product Lead,0 - 0,"design, lead, digital nomad",https://remoteOK.com/remote-jobs/remote-temp-clinical-product-lead-headspace-1130697
1130696,2026-03-10T00:00:06+00:00,"ezCater, Inc",Security Intern,0 - 0,"security, design, support, code, management, engineering, digital nomad",https://remoteOK.com/remote-jobs/remote-security-intern-ezcater-inc-1130696
1130695,2026-03-09T22:00:13+00:00,2K,Rigging Technical Artist NBA 2K,0 - 0,"python, game, technical, support, code, math, node, lead",https://remoteOK.com/remote-jobs/remote-rigging-technical-artist-nba-2k-2k-1130695
1130694,2026-03-09T18:00:23+00:00,GHX,Senior Software Engineer Python Django PostgreSQL and Vue.js,0 - 0,"python, django, software, design, saas, security, full-stack, technical, developer, testing, code, devops, cloud, git, postgresql, senior, operations, engineer, digital nomad",https://remoteOK.com/remote-jobs/remote-senior-software-engineer-python-django-postgresql-and-vue-js-ghx-1130694
1130693,2026-03-09T18:00:06+00:00,Parloa,Head of Forward Deployment Engineering,0 - 0,"technical, growth, strategy, lead, senior, health, engineering",https://remoteOK.com/remote-jobs/remote-head-of-forward-deployment-engineering-parloa-1130693
1130692,2026-03-09T17:00:06+00:00,Cofactr,Customer Support Specialist,0 - 0,"design, saas, technical, support, growth, strategy, management, operations, operational, digital nomad",https://remoteOK.com/remote-jobs/remote-customer-support-specialist-cofactr-1130692
1130691,2026-03-09T12:00:02+00:00,Gate,Executive Brand Operations,0 - 0,"web3, cryptocurrency, voice, lead, content, operations, executive",https://remoteOK.com/remote-jobs/remote-executive-brand-operations-gate-1130691
1130690,2026-03-09T10:34:28+00:00,Amstar Curacao,Senior Python Backend Engineer Mission Critical,30000 - 50000,"dev, python, FastAPI, sql, linux, Pytest, Nginx, apache, javascript, react, VS Code, Remote Working, GitHub Actions",https://remoteOK.com/remote-jobs/remote-senior-python-backend-engineer-mission-critical-amstar-curacao-1130690
1130687,2026-03-09T09:00:04+00:00,Pulley,Frontend Engineer II Core Product,0 - 0,"frontend, design, software, growth, web, management, engineer, backend, digital nomad",https://remoteOK.com/remote-jobs/remote-frontend-engineer-ii-core-product-pulley-1130687
1130686,2026-03-09T08:00:05+00:00,Exodus Movement Inc.,Security Engineer,0 - 0,"security, design, api, engineer, engineering, digital nomad",https://remoteOK.com/remote-jobs/remote-security-engineer-exodus-movement-inc-1130686
1130685,2026-03-09T08:00:03+00:00,Hunt St,Training & Assessment Assessor,0 - 0,"training, support, education, admin, management, content, non tech",https://remoteOK.com/remote-jobs/remote-training-assessment-assessor-hunt-st-1130685
1130684,2026-03-09T07:00:07+00:00,Alpaca,Product Operations Lead,0 - 0,"design, crypto, security, support, financial, investment, api, lead, operations, operational, digital nomad",https://remoteOK.com/remote-jobs/remote-product-operations-lead-alpaca-1130684
1130679,2026-03-07T20:00:19+00:00,"Crunchyroll, LLC",Staff DevOps Engineer,0 - 0,"support, software, devops, cloud, lead, content, reliability, engineer, engineering",https://remoteOK.com/remote-jobs/remote-staff-devops-engineer-crunchyroll-llc-1130679
1130678,2026-03-07T20:00:08+00:00,Accenture Federal Services,Cloud Systems Engineer,0 - 0,"design, security, training, architect, technical, support, cloud, node, management, operational, health, engineer, digital nomad",https://remoteOK.com/remote-jobs/remote-cloud-systems-engineer-accenture-federal-services-1130678
1130676,2026-03-07T13:00:12+00:00,Anthropic,Engineering Manager Accelerator Platform,0 - 0,"manager, technical, software, cloud, operational, engineering",https://remoteOK.com/remote-jobs/remote-engineering-manager-accelerator-platform-anthropic-1130676
1130673,2026-03-07T00:01:33+00:00,ChowNow ,Senior DevOps Engineer,0 - 0,"design, ansible, security, python, training, support, growth, code, voice, devops, education, banking, mobile, management, senior, sales, go, health, recruiting, engineer, engineering, recruitment, linux, e-commerce, digital nomad",https://remoteOK.com/remote-jobs/remote-senior-devops-engineer-chownow-1130673
1130672,2026-03-07T00:01:21+00:00,MissionWired,Associate Vice President Direct Mail Content,0 - 0,"training, support, leader, content, health, non tech",https://remoteOK.com/remote-jobs/remote-associate-vice-president-direct-mail-content-missionwired-1130672
1130671,2026-03-07T00:01:10+00:00,Wheelhouse,Staff Revenue Manager,0 - 0,"manager, support, management",https://remoteOK.com/remote-jobs/remote-staff-revenue-manager-wheelhouse-1130671
1130670,2026-03-07T00:00:56+00:00,Imagine Pediatrics,Senior Actuary Analyst,0 - 0,"analyst, support, financial, senior, analytics, health, non tech",https://remoteOK.com/remote-jobs/remote-senior-actuary-analyst-imagine-pediatrics-1130670
1130669,2026-03-07T00:00:47+00:00,Sleep Doctor,Product Manager of Integrated Care,0 - 0,"manager, design, architect, technical, healthcare, engineering, digital nomad",https://remoteOK.com/remote-jobs/remote-product-manager-of-integrated-care-sleep-doctor-1130669
1130668,2026-03-07T00:00:35+00:00,Attune,Data Scientist,0 - 0,"support, operational, analytics, engineering",https://remoteOK.com/remote-jobs/remote-data-scientist-attune-1130668
1130667,2026-03-07T00:00:20+00:00,Midi Health,Referral Coordinator Health Systems Partnerships,0 - 0,"system, coordinator, support, management, operational, medical, health, healthcare",https://remoteOK.com/remote-jobs/remote-referral-coordinator-health-systems-partnerships-midi-health-1130667
1130666,2026-03-07T00:00:08+00:00,InStride Health,Engineering Manager,0 - 0,"manager, design, system, architect, technical, support, growth, voice, lead, medical, health, engineering, digital nomad",https://remoteOK.com/remote-jobs/remote-engineering-manager-instride-health-1130666
1130664,2026-03-06T16:00:19+00:00,Wealthsimple Technologies,Intern Procurement,42000 - 52000,"system, technical, support, software, financial, finance, fintech, management, lead, health, recruitment, internship, full-time",https://remoteOK.com/remote-jobs/remote-intern-procurement-wealthsimple-technologies-1130664
1130663,2026-03-06T16:00:11+00:00,Workstate,Lead Native Android Developer LATAM Workstate,0 - 0,"developer, mobile, lead, android, digital nomad",https://remoteOK.com/remote-jobs/remote-lead-native-android-developer-latam-workstate-workstate-1130663
1130662,2026-03-06T16:00:03+00:00,Tether Operations Limited,AI Product Manager,0 - 0,"manager, design, saas, crypto, bitcoin, training, technical, software, growth, financial, fintech, cloud, api, leader, management, lead, ops, operations, marketing, engineering, recruitment, executive, digital nomad",https://remoteOK.com/remote-jobs/remote-ai-product-manager-tether-operations-limited-1130662
1130656,2026-03-06T08:00:15+00:00,Temporal Technologies,Senior Manager Platform Architecture,0 - 0,"manager, technical, developer, software, lead, senior, digital nomad",https://remoteOK.com/remote-jobs/remote-senior-manager-platform-architecture-temporal-technologies-1130656
